hero_id,hero_name,game_id
abrams,Abrams,6
apollo,Apollo,77
bebop,Bebop,15
billy,Billy,72
calico,Calico,16
celeste,Celeste,81
drifter,Drifter,64
dynamo,Dynamo,11
graves,Graves,76
grey_talon,Grey Talon,17
haze,Haze,13
holliday,Holliday,14
infernus,Infernus,1
ivy,Ivy,20
kelvin,Kelvin,12
lady_geist,Lady Geist,4
lash,Lash,31
mcginnis,McGinnis,8
mina,Mina,63
mirage,Mirage,52
mo_and_krill,Mo & Krill,18
paige,Paige,67
paradox,Paradox,10
pocket,Pocket,50
rem,Rem,79
seven,Seven,2
shiv,Shiv,19
silver,Silver,80
doorman,Doorman,69
sinclair,Sinclair,60
venator,Venator,65
victor,Victor,66
vindicta,Vindicta,3
viscous,Viscous,35
vyper,Vyper,58
warden,Warden,25
wraith,Wraith,7
yamato,Yamato,27
rat_king,Rat King,84
baba,Baba,88
solomon,Solomon,85
