hero_id,category_id,score
abrams,deals_bullet_damage_general,16
abrams,deals_bullet_damage_burst,30
abrams,deals_spirit_damage_general,47
abrams,deals_spirit_damage_burst,50
abrams,does_melee_damage,78
abrams,combat_range,-100
abrams,summons_npcs,0
abrams,applies_bullet_onhit_effects,0
abrams,applies_spirit_damage_easily,75
abrams,cares_about_firerate,5
abrams,cares_about_weapon_damage,70
abrams,scales_with_spirit_power,65
abrams,scales_with_ability_range,15
abrams,scales_with_ability_duration,80
abrams,max_hp,75
abrams,durability,79
abrams,has_healing_sustain,85
abrams,has_utility_item_slots,5
abrams,applies_debuffs,70
abrams,applies_slows,20
abrams,applies_cc,90
abrams,picks_out_teammates,30
abrams,countered_by_slowing_hex,20
abrams,countered_by_silence,10
abrams,countered_by_knockdown,25
abrams,countered_by_counterspell,75
abrams,countered_by_dispel_magic,5
abrams,countered_by_divine_barrier,0
abrams,consistent_heavy_spirit_hits,27
abrams,large_single_hits,0
apollo,deals_bullet_damage_general,10
apollo,deals_bullet_damage_burst,0
apollo,deals_spirit_damage_general,84
apollo,deals_spirit_damage_burst,70
apollo,does_melee_damage,15
apollo,combat_range,-75
apollo,summons_npcs,0
apollo,applies_bullet_onhit_effects,0
apollo,applies_spirit_damage_easily,70
apollo,cares_about_firerate,5
apollo,cares_about_weapon_damage,20
apollo,scales_with_spirit_power,100
apollo,scales_with_ability_range,15
apollo,scales_with_ability_duration,15
apollo,max_hp,9
apollo,durability,64
apollo,has_healing_sustain,45
apollo,has_utility_item_slots,0
apollo,applies_debuffs,10
apollo,applies_slows,10
apollo,applies_cc,70
apollo,picks_out_teammates,5
apollo,countered_by_slowing_hex,85
apollo,countered_by_silence,100
apollo,countered_by_knockdown,15
apollo,countered_by_counterspell,60
apollo,countered_by_dispel_magic,5
apollo,countered_by_divine_barrier,0
apollo,consistent_heavy_spirit_hits,59
apollo,large_single_hits,0
bebop,deals_bullet_damage_general,27
bebop,deals_bullet_damage_burst,15
bebop,deals_spirit_damage_general,53
bebop,deals_spirit_damage_burst,70
bebop,does_melee_damage,56
bebop,combat_range,-60
bebop,summons_npcs,0
bebop,applies_bullet_onhit_effects,0
bebop,applies_spirit_damage_easily,35
bebop,cares_about_firerate,20
bebop,cares_about_weapon_damage,40
bebop,scales_with_spirit_power,75
bebop,scales_with_ability_range,25
bebop,scales_with_ability_duration,5
bebop,max_hp,61
bebop,durability,76
bebop,has_healing_sustain,55
bebop,has_utility_item_slots,40
bebop,applies_debuffs,10
bebop,applies_slows,10
bebop,applies_cc,75
bebop,picks_out_teammates,65
bebop,countered_by_slowing_hex,0
bebop,countered_by_silence,15
bebop,countered_by_knockdown,20
bebop,countered_by_counterspell,50
bebop,countered_by_dispel_magic,60
bebop,countered_by_divine_barrier,65
bebop,consistent_heavy_spirit_hits,40
bebop,large_single_hits,0
billy,deals_bullet_damage_general,21
billy,deals_bullet_damage_burst,35
billy,deals_spirit_damage_general,46
billy,deals_spirit_damage_burst,25
billy,does_melee_damage,86
billy,combat_range,-80
billy,summons_npcs,0
billy,applies_bullet_onhit_effects,20
billy,applies_spirit_damage_easily,50
billy,cares_about_firerate,20
billy,cares_about_weapon_damage,35
billy,scales_with_spirit_power,55
billy,scales_with_ability_range,20
billy,scales_with_ability_duration,30
billy,max_hp,51
billy,durability,73
billy,has_healing_sustain,20
billy,has_utility_item_slots,0
billy,applies_debuffs,20
billy,applies_slows,0
billy,applies_cc,60
billy,picks_out_teammates,15
billy,countered_by_slowing_hex,10
billy,countered_by_silence,85
billy,countered_by_knockdown,0
billy,countered_by_counterspell,25
billy,countered_by_dispel_magic,35
billy,countered_by_divine_barrier,25
billy,consistent_heavy_spirit_hits,39
billy,large_single_hits,0
calico,deals_bullet_damage_general,14
calico,deals_bullet_damage_burst,10
calico,deals_spirit_damage_general,65
calico,deals_spirit_damage_burst,85
calico,does_melee_damage,67
calico,combat_range,-90
calico,summons_npcs,0
calico,applies_bullet_onhit_effects,0
calico,applies_spirit_damage_easily,60
calico,cares_about_firerate,0
calico,cares_about_weapon_damage,30
calico,scales_with_spirit_power,65
calico,scales_with_ability_range,25
calico,scales_with_ability_duration,10
calico,max_hp,-30
calico,durability,51
calico,has_healing_sustain,10
calico,has_utility_item_slots,15
calico,applies_debuffs,20
calico,applies_slows,0
calico,applies_cc,0
calico,picks_out_teammates,10
calico,countered_by_slowing_hex,80
calico,countered_by_silence,80
calico,countered_by_knockdown,0
calico,countered_by_counterspell,25
calico,countered_by_dispel_magic,15
calico,countered_by_divine_barrier,0
calico,consistent_heavy_spirit_hits,22
calico,large_single_hits,0
celeste,deals_bullet_damage_general,25
celeste,deals_bullet_damage_burst,0
celeste,deals_spirit_damage_general,81
celeste,deals_spirit_damage_burst,50
celeste,does_melee_damage,10
celeste,combat_range,-10
celeste,summons_npcs,0
celeste,applies_bullet_onhit_effects,30
celeste,applies_spirit_damage_easily,95
celeste,cares_about_firerate,35
celeste,cares_about_weapon_damage,15
celeste,scales_with_spirit_power,70
celeste,scales_with_ability_range,70
celeste,scales_with_ability_duration,20
celeste,max_hp,-54
celeste,durability,50
celeste,has_healing_sustain,40
celeste,has_utility_item_slots,5
celeste,applies_debuffs,40
celeste,applies_slows,20
celeste,applies_cc,25
celeste,picks_out_teammates,0
celeste,countered_by_slowing_hex,15
celeste,countered_by_silence,35
celeste,countered_by_knockdown,75
celeste,countered_by_counterspell,15
celeste,countered_by_dispel_magic,25
celeste,countered_by_divine_barrier,15
celeste,consistent_heavy_spirit_hits,100
celeste,large_single_hits,0
drifter,deals_bullet_damage_general,54
drifter,deals_bullet_damage_burst,15
drifter,deals_spirit_damage_general,37
drifter,deals_spirit_damage_burst,30
drifter,does_melee_damage,44
drifter,combat_range,-30
drifter,summons_npcs,0
drifter,applies_bullet_onhit_effects,0
drifter,applies_spirit_damage_easily,65
drifter,cares_about_firerate,30
drifter,cares_about_weapon_damage,55
drifter,scales_with_spirit_power,55
drifter,scales_with_ability_range,20
drifter,scales_with_ability_duration,45
drifter,max_hp,-9
drifter,durability,58
drifter,has_healing_sustain,15
drifter,has_utility_item_slots,10
drifter,applies_debuffs,60
drifter,applies_slows,0
drifter,applies_cc,50
drifter,picks_out_teammates,10
drifter,countered_by_slowing_hex,10
drifter,countered_by_silence,15
drifter,countered_by_knockdown,0
drifter,countered_by_counterspell,40
drifter,countered_by_dispel_magic,40
drifter,countered_by_divine_barrier,60
drifter,consistent_heavy_spirit_hits,43
drifter,large_single_hits,0
dynamo,deals_bullet_damage_general,23
dynamo,deals_bullet_damage_burst,0
dynamo,deals_spirit_damage_general,55
dynamo,deals_spirit_damage_burst,25
dynamo,does_melee_damage,10
dynamo,combat_range,0
dynamo,summons_npcs,0
dynamo,applies_bullet_onhit_effects,0
dynamo,applies_spirit_damage_easily,45
dynamo,cares_about_firerate,5
dynamo,cares_about_weapon_damage,5
dynamo,scales_with_spirit_power,70
dynamo,scales_with_ability_range,70
dynamo,scales_with_ability_duration,85
dynamo,max_hp,95
dynamo,durability,70
dynamo,has_healing_sustain,65
dynamo,has_utility_item_slots,40
dynamo,applies_debuffs,10
dynamo,applies_slows,20
dynamo,applies_cc,60
dynamo,picks_out_teammates,95
dynamo,countered_by_slowing_hex,20
dynamo,countered_by_silence,45
dynamo,countered_by_knockdown,0
dynamo,countered_by_counterspell,15
dynamo,countered_by_dispel_magic,5
dynamo,countered_by_divine_barrier,0
dynamo,consistent_heavy_spirit_hits,14
dynamo,large_single_hits,0
graves,deals_bullet_damage_general,19
graves,deals_bullet_damage_burst,5
graves,deals_spirit_damage_general,78
graves,deals_spirit_damage_burst,10
graves,does_melee_damage,9
graves,combat_range,-15
graves,summons_npcs,75
graves,applies_bullet_onhit_effects,40
graves,applies_spirit_damage_easily,55
graves,cares_about_firerate,45
graves,cares_about_weapon_damage,10
graves,scales_with_spirit_power,55
graves,scales_with_ability_range,10
graves,scales_with_ability_duration,80
graves,max_hp,-38
graves,durability,31
graves,has_healing_sustain,5
graves,has_utility_item_slots,20
graves,applies_debuffs,40
graves,applies_slows,10
graves,applies_cc,10
graves,picks_out_teammates,20
graves,countered_by_slowing_hex,0
graves,countered_by_silence,10
graves,countered_by_knockdown,0
graves,countered_by_counterspell,0
graves,countered_by_dispel_magic,15
graves,countered_by_divine_barrier,0
graves,consistent_heavy_spirit_hits,11
graves,large_single_hits,0
grey_talon,deals_bullet_damage_general,43
grey_talon,deals_bullet_damage_burst,10
grey_talon,deals_spirit_damage_general,64
grey_talon,deals_spirit_damage_burst,55
grey_talon,does_melee_damage,3
grey_talon,combat_range,50
grey_talon,summons_npcs,0
grey_talon,applies_bullet_onhit_effects,0
grey_talon,applies_spirit_damage_easily,20
grey_talon,cares_about_firerate,20
grey_talon,cares_about_weapon_damage,35
grey_talon,scales_with_spirit_power,80
grey_talon,scales_with_ability_range,5
grey_talon,scales_with_ability_duration,5
grey_talon,max_hp,-15
grey_talon,durability,20
grey_talon,has_healing_sustain,0
grey_talon,has_utility_item_slots,0
grey_talon,applies_debuffs,20
grey_talon,applies_slows,20
grey_talon,applies_cc,30
grey_talon,picks_out_teammates,0
grey_talon,countered_by_slowing_hex,5
grey_talon,countered_by_silence,10
grey_talon,countered_by_knockdown,70
grey_talon,countered_by_counterspell,20
grey_talon,countered_by_dispel_magic,5
grey_talon,countered_by_divine_barrier,0
grey_talon,consistent_heavy_spirit_hits,24
grey_talon,large_single_hits,0
haze,deals_bullet_damage_general,74
haze,deals_bullet_damage_burst,90
haze,deals_spirit_damage_general,27
haze,deals_spirit_damage_burst,5
haze,does_melee_damage,3
haze,combat_range,20
haze,summons_npcs,0
haze,applies_bullet_onhit_effects,60
haze,applies_spirit_damage_easily,45
haze,cares_about_firerate,100
haze,cares_about_weapon_damage,85
haze,scales_with_spirit_power,20
haze,scales_with_ability_range,5
haze,scales_with_ability_duration,25
haze,max_hp,-46
haze,durability,40
haze,has_healing_sustain,15
haze,has_utility_item_slots,15
haze,applies_debuffs,60
haze,applies_slows,30
haze,applies_cc,60
haze,picks_out_teammates,15
haze,countered_by_slowing_hex,0
haze,countered_by_silence,5
haze,countered_by_knockdown,0
haze,countered_by_counterspell,0
haze,countered_by_dispel_magic,15
haze,countered_by_divine_barrier,25
haze,consistent_heavy_spirit_hits,24
haze,large_single_hits,0
holliday,deals_bullet_damage_general,22
holliday,deals_bullet_damage_burst,35
holliday,deals_spirit_damage_general,75
holliday,deals_spirit_damage_burst,70
holliday,does_melee_damage,9
holliday,combat_range,15
holliday,summons_npcs,0
holliday,applies_bullet_onhit_effects,20
holliday,applies_spirit_damage_easily,70
holliday,cares_about_firerate,20
holliday,cares_about_weapon_damage,30
holliday,scales_with_spirit_power,75
holliday,scales_with_ability_range,25
holliday,scales_with_ability_duration,60
holliday,max_hp,4
holliday,durability,44
holliday,has_healing_sustain,0
holliday,has_utility_item_slots,30
holliday,applies_debuffs,80
holliday,applies_slows,60
holliday,applies_cc,45
holliday,picks_out_teammates,85
holliday,countered_by_slowing_hex,35
holliday,countered_by_silence,35
holliday,countered_by_knockdown,60
holliday,countered_by_counterspell,30
holliday,countered_by_dispel_magic,25
holliday,countered_by_divine_barrier,15
holliday,consistent_heavy_spirit_hits,47
holliday,large_single_hits,0
infernus,deals_bullet_damage_general,24
infernus,deals_bullet_damage_burst,0
infernus,deals_spirit_damage_general,73
infernus,deals_spirit_damage_burst,25
infernus,does_melee_damage,6
infernus,combat_range,0
infernus,summons_npcs,0
infernus,applies_bullet_onhit_effects,100
infernus,applies_spirit_damage_easily,95
infernus,cares_about_firerate,85
infernus,cares_about_weapon_damage,30
infernus,scales_with_spirit_power,80
infernus,scales_with_ability_range,15
infernus,scales_with_ability_duration,75
infernus,max_hp,-1
infernus,durability,51
infernus,has_healing_sustain,30
infernus,has_utility_item_slots,0
infernus,applies_debuffs,100
infernus,applies_slows,40
infernus,applies_cc,30
infernus,picks_out_teammates,0
infernus,countered_by_slowing_hex,30
infernus,countered_by_silence,20
infernus,countered_by_knockdown,0
infernus,countered_by_counterspell,15
infernus,countered_by_dispel_magic,95
infernus,countered_by_divine_barrier,80
infernus,consistent_heavy_spirit_hits,70
infernus,large_single_hits,0
ivy,deals_bullet_damage_general,30
ivy,deals_bullet_damage_burst,5
ivy,deals_spirit_damage_general,55
ivy,deals_spirit_damage_burst,25
ivy,does_melee_damage,11
ivy,combat_range,-5
ivy,summons_npcs,0
ivy,applies_bullet_onhit_effects,20
ivy,applies_spirit_damage_easily,60
ivy,cares_about_firerate,60
ivy,cares_about_weapon_damage,25
ivy,scales_with_spirit_power,75
ivy,scales_with_ability_range,70
ivy,scales_with_ability_duration,80
ivy,max_hp,6
ivy,durability,45
ivy,has_healing_sustain,70
ivy,has_utility_item_slots,75
ivy,applies_debuffs,40
ivy,applies_slows,60
ivy,applies_cc,90
ivy,picks_out_teammates,10
ivy,countered_by_slowing_hex,5
ivy,countered_by_silence,35
ivy,countered_by_knockdown,50
ivy,countered_by_counterspell,30
ivy,countered_by_dispel_magic,5
ivy,countered_by_divine_barrier,0
ivy,consistent_heavy_spirit_hits,16
ivy,large_single_hits,0
kelvin,deals_bullet_damage_general,11
kelvin,deals_bullet_damage_burst,0
kelvin,deals_spirit_damage_general,78
kelvin,deals_spirit_damage_burst,5
kelvin,does_melee_damage,11
kelvin,combat_range,-15
kelvin,summons_npcs,0
kelvin,applies_bullet_onhit_effects,0
kelvin,applies_spirit_damage_easily,85
kelvin,cares_about_firerate,0
kelvin,cares_about_weapon_damage,5
kelvin,scales_with_spirit_power,75
kelvin,scales_with_ability_range,70
kelvin,scales_with_ability_duration,60
kelvin,max_hp,91
kelvin,durability,69
kelvin,has_healing_sustain,75
kelvin,has_utility_item_slots,70
kelvin,applies_debuffs,10
kelvin,applies_slows,100
kelvin,applies_cc,0
kelvin,picks_out_teammates,0
kelvin,countered_by_slowing_hex,10
kelvin,countered_by_silence,20
kelvin,countered_by_knockdown,75
kelvin,countered_by_counterspell,0
kelvin,countered_by_dispel_magic,5
kelvin,countered_by_divine_barrier,0
kelvin,consistent_heavy_spirit_hits,16
kelvin,large_single_hits,0
lady_geist,deals_bullet_damage_general,47
lady_geist,deals_bullet_damage_burst,0
lady_geist,deals_spirit_damage_general,59
lady_geist,deals_spirit_damage_burst,30
lady_geist,does_melee_damage,10
lady_geist,combat_range,-5
lady_geist,summons_npcs,0
lady_geist,applies_bullet_onhit_effects,0
lady_geist,applies_spirit_damage_easily,70
lady_geist,cares_about_firerate,50
lady_geist,cares_about_weapon_damage,75
lady_geist,scales_with_spirit_power,50
lady_geist,scales_with_ability_range,35
lady_geist,scales_with_ability_duration,15
lady_geist,max_hp,57
lady_geist,durability,68
lady_geist,has_healing_sustain,85
lady_geist,has_utility_item_slots,10
lady_geist,applies_debuffs,10
lady_geist,applies_slows,30
lady_geist,applies_cc,10
lady_geist,picks_out_teammates,0
lady_geist,countered_by_slowing_hex,0
lady_geist,countered_by_silence,80
lady_geist,countered_by_knockdown,0
lady_geist,countered_by_counterspell,50
lady_geist,countered_by_dispel_magic,15
lady_geist,countered_by_divine_barrier,0
lady_geist,consistent_heavy_spirit_hits,60
lady_geist,large_single_hits,0
lash,deals_bullet_damage_general,23
lash,deals_bullet_damage_burst,0
lash,deals_spirit_damage_general,76
lash,deals_spirit_damage_burst,80
lash,does_melee_damage,6
lash,combat_range,-25
lash,summons_npcs,0
lash,applies_bullet_onhit_effects,0
lash,applies_spirit_damage_easily,70
lash,cares_about_firerate,20
lash,cares_about_weapon_damage,15
lash,scales_with_spirit_power,85
lash,scales_with_ability_range,25
lash,scales_with_ability_duration,10
lash,max_hp,31
lash,durability,52
lash,has_healing_sustain,35
lash,has_utility_item_slots,15
lash,applies_debuffs,10
lash,applies_slows,60
lash,applies_cc,65
lash,picks_out_teammates,40
lash,countered_by_slowing_hex,70
lash,countered_by_silence,65
lash,countered_by_knockdown,100
lash,countered_by_counterspell,90
lash,countered_by_dispel_magic,5
lash,countered_by_divine_barrier,0
lash,consistent_heavy_spirit_hits,57
lash,large_single_hits,0
mcginnis,deals_bullet_damage_general,20
mcginnis,deals_bullet_damage_burst,10
mcginnis,deals_spirit_damage_general,80
mcginnis,deals_spirit_damage_burst,10
mcginnis,does_melee_damage,3
mcginnis,combat_range,25
mcginnis,summons_npcs,60
mcginnis,applies_bullet_onhit_effects,0
mcginnis,applies_spirit_damage_easily,80
mcginnis,cares_about_firerate,40
mcginnis,cares_about_weapon_damage,45
mcginnis,scales_with_spirit_power,70
mcginnis,scales_with_ability_range,20
mcginnis,scales_with_ability_duration,35
mcginnis,max_hp,39
mcginnis,durability,40
mcginnis,has_healing_sustain,55
mcginnis,has_utility_item_slots,25
mcginnis,applies_debuffs,10
mcginnis,applies_slows,10
mcginnis,applies_cc,0
mcginnis,picks_out_teammates,0
mcginnis,countered_by_slowing_hex,0
mcginnis,countered_by_silence,15
mcginnis,countered_by_knockdown,0
mcginnis,countered_by_counterspell,5
mcginnis,countered_by_dispel_magic,0
mcginnis,countered_by_divine_barrier,0
mcginnis,consistent_heavy_spirit_hits,6
mcginnis,large_single_hits,0
mina,deals_bullet_damage_general,12
mina,deals_bullet_damage_burst,0
mina,deals_spirit_damage_general,88
mina,deals_spirit_damage_burst,75
mina,does_melee_damage,3
mina,combat_range,5
mina,summons_npcs,0
mina,applies_bullet_onhit_effects,60
mina,applies_spirit_damage_easily,100
mina,cares_about_firerate,50
mina,cares_about_weapon_damage,15
mina,scales_with_spirit_power,90
mina,scales_with_ability_range,20
mina,scales_with_ability_duration,10
mina,max_hp,-84
mina,durability,33
mina,has_healing_sustain,15
mina,has_utility_item_slots,5
mina,applies_debuffs,30
mina,applies_slows,20
mina,applies_cc,85
mina,picks_out_teammates,0
mina,countered_by_slowing_hex,75
mina,countered_by_silence,65
mina,countered_by_knockdown,5
mina,countered_by_counterspell,10
mina,countered_by_dispel_magic,5
mina,countered_by_divine_barrier,0
mina,consistent_heavy_spirit_hits,51
mina,large_single_hits,0
mirage,deals_bullet_damage_general,29
mirage,deals_bullet_damage_burst,0
mirage,deals_spirit_damage_general,65
mirage,deals_spirit_damage_burst,15
mirage,does_melee_damage,9
mirage,combat_range,0
mirage,summons_npcs,0
mirage,applies_bullet_onhit_effects,60
mirage,applies_spirit_damage_easily,90
mirage,cares_about_firerate,70
mirage,cares_about_weapon_damage,30
mirage,scales_with_spirit_power,65
mirage,scales_with_ability_range,15
mirage,scales_with_ability_duration,30
mirage,max_hp,1
mirage,durability,45
mirage,has_healing_sustain,35
mirage,has_utility_item_slots,10
mirage,applies_debuffs,80
mirage,applies_slows,30
mirage,applies_cc,35
mirage,picks_out_teammates,10
mirage,countered_by_slowing_hex,40
mirage,countered_by_silence,25
mirage,countered_by_knockdown,0
mirage,countered_by_counterspell,5
mirage,countered_by_dispel_magic,50
mirage,countered_by_divine_barrier,30
mirage,consistent_heavy_spirit_hits,26
mirage,large_single_hits,0
mo_and_krill,deals_bullet_damage_general,10
mo_and_krill,deals_bullet_damage_burst,0
mo_and_krill,deals_spirit_damage_general,85
mo_and_krill,deals_spirit_damage_burst,30
mo_and_krill,does_melee_damage,12
mo_and_krill,combat_range,-90
mo_and_krill,summons_npcs,0
mo_and_krill,applies_bullet_onhit_effects,0
mo_and_krill,applies_spirit_damage_easily,80
mo_and_krill,cares_about_firerate,0
mo_and_krill,cares_about_weapon_damage,0
mo_and_krill,scales_with_spirit_power,75
mo_and_krill,scales_with_ability_range,40
mo_and_krill,scales_with_ability_duration,65
mo_and_krill,max_hp,100
mo_and_krill,durability,94
mo_and_krill,has_healing_sustain,80
mo_and_krill,has_utility_item_slots,5
mo_and_krill,applies_debuffs,70
mo_and_krill,applies_slows,30
mo_and_krill,applies_cc,55
mo_and_krill,picks_out_teammates,75
mo_and_krill,countered_by_slowing_hex,0
mo_and_krill,countered_by_silence,20
mo_and_krill,countered_by_knockdown,0
mo_and_krill,countered_by_counterspell,15
mo_and_krill,countered_by_dispel_magic,15
mo_and_krill,countered_by_divine_barrier,0
mo_and_krill,consistent_heavy_spirit_hits,37
mo_and_krill,large_single_hits,0
paige,deals_bullet_damage_general,29
paige,deals_bullet_damage_burst,0
paige,deals_spirit_damage_general,58
paige,deals_spirit_damage_burst,30
paige,does_melee_damage,8
paige,combat_range,75
paige,summons_npcs,0
paige,applies_bullet_onhit_effects,0
paige,applies_spirit_damage_easily,70
paige,cares_about_firerate,5
paige,cares_about_weapon_damage,25
paige,scales_with_spirit_power,80
paige,scales_with_ability_range,80
paige,scales_with_ability_duration,70
paige,max_hp,-64
paige,durability,13
paige,has_healing_sustain,65
paige,has_utility_item_slots,100
paige,applies_debuffs,40
paige,applies_slows,30
paige,applies_cc,85
paige,picks_out_teammates,10
paige,countered_by_slowing_hex,0
paige,countered_by_silence,10
paige,countered_by_knockdown,0
paige,countered_by_counterspell,35
paige,countered_by_dispel_magic,20
paige,countered_by_divine_barrier,10
paige,consistent_heavy_spirit_hits,28
paige,large_single_hits,0
paradox,deals_bullet_damage_general,36
paradox,deals_bullet_damage_burst,20
paradox,deals_spirit_damage_general,67
paradox,deals_spirit_damage_burst,75
paradox,does_melee_damage,10
paradox,combat_range,45
paradox,summons_npcs,0
paradox,applies_bullet_onhit_effects,0
paradox,applies_spirit_damage_easily,30
paradox,cares_about_firerate,10
paradox,cares_about_weapon_damage,90
paradox,scales_with_spirit_power,35
paradox,scales_with_ability_range,40
paradox,scales_with_ability_duration,25
paradox,max_hp,4
paradox,durability,38
paradox,has_healing_sustain,0
paradox,has_utility_item_slots,30
paradox,applies_debuffs,10
paradox,applies_slows,50
paradox,applies_cc,65
paradox,picks_out_teammates,45
paradox,countered_by_slowing_hex,0
paradox,countered_by_silence,5
paradox,countered_by_knockdown,0
paradox,countered_by_counterspell,10
paradox,countered_by_dispel_magic,10
paradox,countered_by_divine_barrier,0
paradox,consistent_heavy_spirit_hits,33
paradox,large_single_hits,0
pocket,deals_bullet_damage_general,15
pocket,deals_bullet_damage_burst,10
pocket,deals_spirit_damage_general,93
pocket,deals_spirit_damage_burst,50
pocket,does_melee_damage,7
pocket,combat_range,-15
pocket,summons_npcs,0
pocket,applies_bullet_onhit_effects,0
pocket,applies_spirit_damage_easily,100
pocket,cares_about_firerate,0
pocket,cares_about_weapon_damage,20
pocket,scales_with_spirit_power,90
pocket,scales_with_ability_range,75
pocket,scales_with_ability_duration,65
pocket,max_hp,-23
pocket,durability,34
pocket,has_healing_sustain,5
pocket,has_utility_item_slots,0
pocket,applies_debuffs,90
pocket,applies_slows,20
pocket,applies_cc,0
pocket,picks_out_teammates,0
pocket,countered_by_slowing_hex,15
pocket,countered_by_silence,70
pocket,countered_by_knockdown,0
pocket,countered_by_counterspell,80
pocket,countered_by_dispel_magic,5
pocket,countered_by_divine_barrier,100
pocket,consistent_heavy_spirit_hits,52
pocket,large_single_hits,0
rem,deals_bullet_damage_general,16
rem,deals_bullet_damage_burst,0
rem,deals_spirit_damage_general,55
rem,deals_spirit_damage_burst,35
rem,does_melee_damage,9
rem,combat_range,30
rem,summons_npcs,0
rem,applies_bullet_onhit_effects,0
rem,applies_spirit_damage_easily,55
rem,cares_about_firerate,0
rem,cares_about_weapon_damage,0
rem,scales_with_spirit_power,45
rem,scales_with_ability_range,35
rem,scales_with_ability_duration,45
rem,max_hp,-76
rem,durability,21
rem,has_healing_sustain,95
rem,has_utility_item_slots,70
rem,applies_debuffs,40
rem,applies_slows,20
rem,applies_cc,40
rem,picks_out_teammates,10
rem,countered_by_slowing_hex,30
rem,countered_by_silence,20
rem,countered_by_knockdown,0
rem,countered_by_counterspell,65
rem,countered_by_dispel_magic,5
rem,countered_by_divine_barrier,0
rem,consistent_heavy_spirit_hits,16
rem,large_single_hits,0
seven,deals_bullet_damage_general,20
seven,deals_bullet_damage_burst,0
seven,deals_spirit_damage_general,83
seven,deals_spirit_damage_burst,25
seven,does_melee_damage,3
seven,combat_range,40
seven,summons_npcs,0
seven,applies_bullet_onhit_effects,50
seven,applies_spirit_damage_easily,100
seven,cares_about_firerate,50
seven,cares_about_weapon_damage,25
seven,scales_with_spirit_power,65
seven,scales_with_ability_range,60
seven,scales_with_ability_duration,55
seven,max_hp,-15
seven,durability,36
seven,has_healing_sustain,30
seven,has_utility_item_slots,20
seven,applies_debuffs,60
seven,applies_slows,20
seven,applies_cc,65
seven,picks_out_teammates,0
seven,countered_by_slowing_hex,0
seven,countered_by_silence,10
seven,countered_by_knockdown,80
seven,countered_by_counterspell,30
seven,countered_by_dispel_magic,35
seven,countered_by_divine_barrier,40
seven,consistent_heavy_spirit_hits,36
seven,large_single_hits,0
shiv,deals_bullet_damage_general,18
shiv,deals_bullet_damage_burst,0
shiv,deals_spirit_damage_general,72
shiv,deals_spirit_damage_burst,35
shiv,does_melee_damage,30
shiv,combat_range,-80
shiv,summons_npcs,0
shiv,applies_bullet_onhit_effects,0
shiv,applies_spirit_damage_easily,70
shiv,cares_about_firerate,0
shiv,cares_about_weapon_damage,10
shiv,scales_with_spirit_power,70
shiv,scales_with_ability_range,20
shiv,scales_with_ability_duration,35
shiv,max_hp,26
shiv,durability,67
shiv,has_healing_sustain,15
shiv,has_utility_item_slots,10
shiv,applies_debuffs,80
shiv,applies_slows,20
shiv,applies_cc,0
shiv,picks_out_teammates,0
shiv,countered_by_slowing_hex,25
shiv,countered_by_silence,25
shiv,countered_by_knockdown,0
shiv,countered_by_counterspell,10
shiv,countered_by_dispel_magic,60
shiv,countered_by_divine_barrier,40
shiv,consistent_heavy_spirit_hits,53
shiv,large_single_hits,0
silver,deals_bullet_damage_general,51
silver,deals_bullet_damage_burst,65
silver,deals_spirit_damage_general,22
silver,deals_spirit_damage_burst,10
silver,does_melee_damage,77
silver,combat_range,-70
silver,summons_npcs,0
silver,applies_bullet_onhit_effects,5
silver,applies_spirit_damage_easily,40
silver,cares_about_firerate,15
silver,cares_about_weapon_damage,55
silver,scales_with_spirit_power,35
silver,scales_with_ability_range,20
silver,scales_with_ability_duration,40
silver,max_hp,-31
silver,durability,62
silver,has_healing_sustain,20
silver,has_utility_item_slots,5
silver,applies_debuffs,40
silver,applies_slows,30
silver,applies_cc,25
silver,picks_out_teammates,15
silver,countered_by_slowing_hex,5
silver,countered_by_silence,30
silver,countered_by_knockdown,0
silver,countered_by_counterspell,10
silver,countered_by_dispel_magic,20
silver,countered_by_divine_barrier,25
silver,consistent_heavy_spirit_hits,50
silver,large_single_hits,0
doorman,deals_bullet_damage_general,24
doorman,deals_bullet_damage_burst,0
doorman,deals_spirit_damage_general,70
doorman,deals_spirit_damage_burst,50
doorman,does_melee_damage,6
doorman,combat_range,5
doorman,summons_npcs,0
doorman,applies_bullet_onhit_effects,0
doorman,applies_spirit_damage_easily,40
doorman,cares_about_firerate,5
doorman,cares_about_weapon_damage,15
doorman,scales_with_spirit_power,65
doorman,scales_with_ability_range,30
doorman,scales_with_ability_duration,15
doorman,max_hp,-6
doorman,durability,42
doorman,has_healing_sustain,0
doorman,has_utility_item_slots,45
doorman,applies_debuffs,20
doorman,applies_slows,20
doorman,applies_cc,85
doorman,picks_out_teammates,25
doorman,countered_by_slowing_hex,0
doorman,countered_by_silence,20
doorman,countered_by_knockdown,0
doorman,countered_by_counterspell,30
doorman,countered_by_dispel_magic,15
doorman,countered_by_divine_barrier,0
doorman,consistent_heavy_spirit_hits,33
doorman,large_single_hits,0
sinclair,deals_bullet_damage_general,19
sinclair,deals_bullet_damage_burst,0
sinclair,deals_spirit_damage_general,71
sinclair,deals_spirit_damage_burst,65
sinclair,does_melee_damage,14
sinclair,combat_range,35
sinclair,summons_npcs,0
sinclair,applies_bullet_onhit_effects,0
sinclair,applies_spirit_damage_easily,55
sinclair,cares_about_firerate,10
sinclair,cares_about_weapon_damage,0
sinclair,scales_with_spirit_power,60
sinclair,scales_with_ability_range,80
sinclair,scales_with_ability_duration,70
sinclair,max_hp,-26
sinclair,durability,32
sinclair,has_healing_sustain,0
sinclair,has_utility_item_slots,60
sinclair,applies_debuffs,50
sinclair,applies_slows,0
sinclair,applies_cc,65
sinclair,picks_out_teammates,10
sinclair,countered_by_slowing_hex,15
sinclair,countered_by_silence,45
sinclair,countered_by_knockdown,20
sinclair,countered_by_counterspell,45
sinclair,countered_by_dispel_magic,0
sinclair,countered_by_divine_barrier,0
sinclair,consistent_heavy_spirit_hits,27
sinclair,large_single_hits,0
venator,deals_bullet_damage_general,94
venator,deals_bullet_damage_burst,80
venator,deals_spirit_damage_general,4
venator,deals_spirit_damage_burst,0
venator,does_melee_damage,19
venator,combat_range,0
venator,summons_npcs,0
venator,applies_bullet_onhit_effects,40
venator,applies_spirit_damage_easily,-25
venator,cares_about_firerate,70
venator,cares_about_weapon_damage,100
venator,scales_with_spirit_power,10
venator,scales_with_ability_range,25
venator,scales_with_ability_duration,25
venator,max_hp,13
venator,durability,50
venator,has_healing_sustain,20
venator,has_utility_item_slots,0
venator,applies_debuffs,20
venator,applies_slows,0
venator,applies_cc,25
venator,picks_out_teammates,5
venator,countered_by_slowing_hex,0
venator,countered_by_silence,5
venator,countered_by_knockdown,0
venator,countered_by_counterspell,10
venator,countered_by_dispel_magic,20
venator,countered_by_divine_barrier,0
venator,consistent_heavy_spirit_hits,0
venator,large_single_hits,0
victor,deals_bullet_damage_general,23
victor,deals_bullet_damage_burst,20
victor,deals_spirit_damage_general,79
victor,deals_spirit_damage_burst,25
victor,does_melee_damage,9
victor,combat_range,-75
victor,summons_npcs,0
victor,applies_bullet_onhit_effects,5
victor,applies_spirit_damage_easily,85
victor,cares_about_firerate,20
victor,cares_about_weapon_damage,25
victor,scales_with_spirit_power,75
victor,scales_with_ability_range,50
victor,scales_with_ability_duration,20
victor,max_hp,-26
victor,durability,80
victor,has_healing_sustain,100
victor,has_utility_item_slots,0
victor,applies_debuffs,10
victor,applies_slows,90
victor,applies_cc,15
victor,picks_out_teammates,5
victor,countered_by_slowing_hex,0
victor,countered_by_silence,25
victor,countered_by_knockdown,0
victor,countered_by_counterspell,10
victor,countered_by_dispel_magic,0
victor,countered_by_divine_barrier,0
victor,consistent_heavy_spirit_hits,17
victor,large_single_hits,0
vindicta,deals_bullet_damage_general,47
vindicta,deals_bullet_damage_burst,40
vindicta,deals_spirit_damage_general,61
vindicta,deals_spirit_damage_burst,35
vindicta,does_melee_damage,3
vindicta,combat_range,100
vindicta,summons_npcs,0
vindicta,applies_bullet_onhit_effects,40
vindicta,applies_spirit_damage_easily,90
vindicta,cares_about_firerate,60
vindicta,cares_about_weapon_damage,65
vindicta,scales_with_spirit_power,55
vindicta,scales_with_ability_range,30
vindicta,scales_with_ability_duration,50
vindicta,max_hp,-59
vindicta,durability,18
vindicta,has_healing_sustain,0
vindicta,has_utility_item_slots,25
vindicta,applies_debuffs,50
vindicta,applies_slows,20
vindicta,applies_cc,65
vindicta,picks_out_teammates,10
vindicta,countered_by_slowing_hex,20
vindicta,countered_by_silence,15
vindicta,countered_by_knockdown,100
vindicta,countered_by_counterspell,10
vindicta,countered_by_dispel_magic,35
vindicta,countered_by_divine_barrier,35
vindicta,consistent_heavy_spirit_hits,32
vindicta,large_single_hits,0
viscous,deals_bullet_damage_general,16
viscous,deals_bullet_damage_burst,25
viscous,deals_spirit_damage_general,81
viscous,deals_spirit_damage_burst,30
viscous,does_melee_damage,25
viscous,combat_range,25
viscous,summons_npcs,0
viscous,applies_bullet_onhit_effects,0
viscous,applies_spirit_damage_easily,15
viscous,cares_about_firerate,5
viscous,cares_about_weapon_damage,25
viscous,scales_with_spirit_power,70
viscous,scales_with_ability_range,25
viscous,scales_with_ability_duration,30
viscous,max_hp,12
viscous,durability,50
viscous,has_healing_sustain,20
viscous,has_utility_item_slots,45
viscous,applies_debuffs,10
viscous,applies_slows,20
viscous,applies_cc,10
viscous,picks_out_teammates,0
viscous,countered_by_slowing_hex,0
viscous,countered_by_silence,65
viscous,countered_by_knockdown,25
viscous,countered_by_counterspell,10
viscous,countered_by_dispel_magic,5
viscous,countered_by_divine_barrier,0
viscous,consistent_heavy_spirit_hits,36
viscous,large_single_hits,0
vyper,deals_bullet_damage_general,62
vyper,deals_bullet_damage_burst,80
vyper,deals_spirit_damage_general,38
vyper,deals_spirit_damage_burst,10
vyper,does_melee_damage,3
vyper,combat_range,20
vyper,summons_npcs,0
vyper,applies_bullet_onhit_effects,65
vyper,applies_spirit_damage_easily,65
vyper,cares_about_firerate,100
vyper,cares_about_weapon_damage,85
vyper,scales_with_spirit_power,60
vyper,scales_with_ability_range,15
vyper,scales_with_ability_duration,25
vyper,max_hp,-27
vyper,durability,34
vyper,has_healing_sustain,0
vyper,has_utility_item_slots,0
vyper,applies_debuffs,10
vyper,applies_slows,20
vyper,applies_cc,30
vyper,picks_out_teammates,0
vyper,countered_by_slowing_hex,0
vyper,countered_by_silence,10
vyper,countered_by_knockdown,0
vyper,countered_by_counterspell,5
vyper,countered_by_dispel_magic,25
vyper,countered_by_divine_barrier,0
vyper,consistent_heavy_spirit_hits,42
vyper,large_single_hits,0
warden,deals_bullet_damage_general,49
warden,deals_bullet_damage_burst,45
warden,deals_spirit_damage_general,54
warden,deals_spirit_damage_burst,5
warden,does_melee_damage,10
warden,combat_range,15
warden,summons_npcs,0
warden,applies_bullet_onhit_effects,5
warden,applies_spirit_damage_easily,60
warden,cares_about_firerate,20
warden,cares_about_weapon_damage,90
warden,scales_with_spirit_power,35
warden,scales_with_ability_range,20
warden,scales_with_ability_duration,25
warden,max_hp,75
warden,durability,58
warden,has_healing_sustain,0
warden,has_utility_item_slots,10
warden,applies_debuffs,40
warden,applies_slows,20
warden,applies_cc,20
warden,picks_out_teammates,15
warden,countered_by_slowing_hex,0
warden,countered_by_silence,15
warden,countered_by_knockdown,0
warden,countered_by_counterspell,30
warden,countered_by_dispel_magic,35
warden,countered_by_divine_barrier,20
warden,consistent_heavy_spirit_hits,96
warden,large_single_hits,0
wraith,deals_bullet_damage_general,41
wraith,deals_bullet_damage_burst,35
wraith,deals_spirit_damage_general,61
wraith,deals_spirit_damage_burst,55
wraith,does_melee_damage,3
wraith,combat_range,2
wraith,summons_npcs,0
wraith,applies_bullet_onhit_effects,100
wraith,applies_spirit_damage_easily,90
wraith,cares_about_firerate,100
wraith,cares_about_weapon_damage,55
wraith,scales_with_spirit_power,50
wraith,scales_with_ability_range,10
wraith,scales_with_ability_duration,35
wraith,max_hp,-38
wraith,durability,36
wraith,has_healing_sustain,35
wraith,has_utility_item_slots,5
wraith,applies_debuffs,40
wraith,applies_slows,30
wraith,applies_cc,80
wraith,picks_out_teammates,55
wraith,countered_by_slowing_hex,60
wraith,countered_by_silence,60
wraith,countered_by_knockdown,10
wraith,countered_by_counterspell,25
wraith,countered_by_dispel_magic,5
wraith,countered_by_divine_barrier,0
wraith,consistent_heavy_spirit_hits,40
wraith,large_single_hits,0
yamato,deals_bullet_damage_general,17
yamato,deals_bullet_damage_burst,5
yamato,deals_spirit_damage_general,69
yamato,deals_spirit_damage_burst,85
yamato,does_melee_damage,46
yamato,combat_range,-85
yamato,summons_npcs,0
yamato,applies_bullet_onhit_effects,0
yamato,applies_spirit_damage_easily,85
yamato,cares_about_firerate,5
yamato,cares_about_weapon_damage,25
yamato,scales_with_spirit_power,80
yamato,scales_with_ability_range,35
yamato,scales_with_ability_duration,40
yamato,max_hp,1
yamato,durability,76
yamato,has_healing_sustain,45
yamato,has_utility_item_slots,5
yamato,applies_debuffs,20
yamato,applies_slows,40
yamato,applies_cc,0
yamato,picks_out_teammates,15
yamato,countered_by_slowing_hex,10
yamato,countered_by_silence,85
yamato,countered_by_knockdown,15
yamato,countered_by_counterspell,70
yamato,countered_by_dispel_magic,45
yamato,countered_by_divine_barrier,0
yamato,consistent_heavy_spirit_hits,59
yamato,large_single_hits,0
rat_king,deals_bullet_damage_general,0
rat_king,deals_bullet_damage_burst,0
rat_king,deals_spirit_damage_general,0
rat_king,deals_spirit_damage_burst,0
rat_king,does_melee_damage,0
rat_king,combat_range,0
rat_king,summons_npcs,0
rat_king,applies_bullet_onhit_effects,0
rat_king,applies_spirit_damage_easily,0
rat_king,cares_about_firerate,0
rat_king,cares_about_weapon_damage,0
rat_king,scales_with_spirit_power,0
rat_king,scales_with_ability_range,0
rat_king,scales_with_ability_duration,0
rat_king,max_hp,0
rat_king,durability,0
rat_king,has_healing_sustain,0
rat_king,has_utility_item_slots,0
rat_king,applies_debuffs,0
rat_king,applies_slows,0
rat_king,applies_cc,0
rat_king,picks_out_teammates,0
rat_king,countered_by_slowing_hex,0
rat_king,countered_by_silence,0
rat_king,countered_by_knockdown,0
rat_king,countered_by_counterspell,0
rat_king,countered_by_dispel_magic,0
rat_king,countered_by_divine_barrier,0
rat_king,consistent_heavy_spirit_hits,0
rat_king,large_single_hits,0
baba,deals_bullet_damage_general,0
baba,deals_bullet_damage_burst,0
baba,deals_spirit_damage_general,0
baba,deals_spirit_damage_burst,0
baba,does_melee_damage,0
baba,combat_range,0
baba,summons_npcs,0
baba,applies_bullet_onhit_effects,0
baba,applies_spirit_damage_easily,0
baba,cares_about_firerate,0
baba,cares_about_weapon_damage,0
baba,scales_with_spirit_power,0
baba,scales_with_ability_range,0
baba,scales_with_ability_duration,0
baba,max_hp,0
baba,durability,0
baba,has_healing_sustain,0
baba,has_utility_item_slots,0
baba,applies_debuffs,0
baba,applies_slows,0
baba,applies_cc,0
baba,picks_out_teammates,0
baba,countered_by_slowing_hex,0
baba,countered_by_silence,0
baba,countered_by_knockdown,0
baba,countered_by_counterspell,0
baba,countered_by_dispel_magic,0
baba,countered_by_divine_barrier,0
baba,consistent_heavy_spirit_hits,0
baba,large_single_hits,0
