item_id,category_id,relation,coefficient,best_target
alchemical_fire,deals_bullet_damage_general,with,2,
alchemical_fire,has_utility_item_slots,as,3,
berserker,durability,as,5,
bullet_resist_shredder,deals_bullet_damage_general,with,1.5,
bullet_resist_shredder,applies_spirit_damage_easily,as,2,
close_quarters,combat_range,against,-1,
close_quarters,combat_range,as,-2.5,
colossus,combat_range,against,-1,
colossus,combat_range,as,-2.5,
counterspell,countered_by_counterspell,against,13,
crippling_headshot,deals_spirit_damage_general,with,3,
crippling_headshot,deals_spirit_damage_general,as,3,
cultist_sacrifice,summons_npcs,against,4,
cursed_relic,cares_about_firerate,against,3.5,
cursed_relic,has_utility_item_slots,as,3,
cursed_relic,countered_by_silence,against,3,
decay,max_hp,against,3,
decay,has_utility_item_slots,as,3,
disarming_hex,cares_about_firerate,against,6.5,
disarming_hex,has_utility_item_slots,as,3,
dispel_magic,countered_by_dispel_magic,against,7.5,1
divine_barrier,has_utility_item_slots,as,3,
divine_barrier,countered_by_divine_barrier,against,4,
escalating_exposure,deals_spirit_damage_general,with,2,
escalating_exposure,deals_spirit_damage_general,as,13,
escalating_exposure,applies_spirit_damage_easily,as,3.5,
focus_lens,deals_spirit_damage_general,against,2,
focus_lens,deals_spirit_damage_general,with,1,
focus_lens,deals_spirit_damage_general,as,1,
focus_lens,has_utility_item_slots,as,3,
focus_lens,countered_by_silence,against,3,
guardian_ward,has_utility_item_slots,as,3,
healbane,applies_spirit_damage_easily,as,2,
healing_booster,has_healing_sustain,as,2.5,
healing_nova,has_utility_item_slots,as,3,
healing_rite,has_utility_item_slots,as,3,
healing_tempo,has_healing_sustain,as,3,
heroic_aura,summons_npcs,with,1.5,
heroic_aura,summons_npcs,as,3,
heroic_aura,cares_about_firerate,with,1,
heroic_aura,has_utility_item_slots,as,3,
hollow_point,deals_bullet_damage_general,with,1,
hunters_aura,deals_bullet_damage_general,with,1.2,
hunters_aura,deals_bullet_damage_general,as,1.2,
hunters_aura,combat_range,against,-0.5,
hunters_aura,combat_range,as,-1.5,
hunters_aura,cares_about_firerate,against,2.5,
indomitable,applies_cc,against,3.5,1
juggernaut,cares_about_firerate,against,5,
knockdown,has_utility_item_slots,as,3,
knockdown,countered_by_knockdown,against,6,
lightning_scroll,applies_spirit_damage_easily,as,3,
monster_rounds,summons_npcs,against,3,
mystic_burst,applies_spirit_damage_easily,as,1,
mystic_regeneration,applies_spirit_damage_easily,as,1,
mystic_reverb,large_single_hits,as,6,
mystic_slow,applies_spirit_damage_easily,as,2,
mystic_vulnerability,deals_spirit_damage_general,with,5,
mystic_vulnerability,deals_spirit_damage_general,as,4,
mystic_vulnerability,applies_spirit_damage_easily,as,2,
phantom_strike,combat_range,as,-3,
phantom_strike,cares_about_firerate,against,4,
phantom_strike,has_utility_item_slots,as,3,
phantom_strike,countered_by_knockdown,against,4,
plated_armor,applies_bullet_onhit_effects,against,2,
point_blank,combat_range,against,-0.5,
point_blank,combat_range,as,-1.5,
radiant_regeneration,applies_spirit_damage_easily,as,3,
reactive_barrier,applies_cc,against,2.5,1
rescue_beam,has_utility_item_slots,as,3,
rescue_beam,picks_out_teammates,against,3.5,
rusted_barrel,deals_bullet_damage_general,with,2,
rusted_barrel,deals_bullet_damage_general,as,2,
rusted_barrel,cares_about_firerate,against,3.5,
rusted_barrel,has_utility_item_slots,as,3,
scourge,combat_range,against,-1.5,
scourge,combat_range,with,-1.5,
scourge,combat_range,as,-1.5,
scourge,max_hp,with,1.5,
scourge,max_hp,as,1.5,
scourge,has_utility_item_slots,as,3,
silence_wave,has_utility_item_slots,as,3,
silence_wave,countered_by_silence,against,4,
silencer,deals_spirit_damage_general,against,7,
silencer,countered_by_silence,against,5,
siphon_bullets,max_hp,against,1,
slowing_hex,has_utility_item_slots,as,3,
slowing_hex,countered_by_slowing_hex,against,5,
spellbreaker,deals_spirit_damage_burst,against,5,1
spellbreaker,large_single_hits,against,5,1
spirit_burn,deals_spirit_damage_burst,as,7,
spirit_burn,scales_with_spirit_power,as,1,
spirit_burn,max_hp,against,-0.5,
spirit_rend,deals_spirit_damage_general,with,5,
spirit_rend,deals_spirit_damage_general,as,5,
spirit_sap,deals_spirit_damage_general,against,1,
spirit_sap,deals_spirit_damage_general,with,1,
spirit_sap,deals_spirit_damage_general,as,1,
spirit_sap,has_utility_item_slots,as,3,
spirit_shredder_bullets,deals_spirit_damage_general,with,3,
spirit_shredder_bullets,deals_spirit_damage_general,as,3,
spirit_snatch,deals_spirit_damage_general,against,1,
spirit_snatch,deals_spirit_damage_general,with,2,
spirit_snatch,deals_spirit_damage_general,as,2,
spirit_strike,deals_spirit_damage_general,with,1,
spirit_strike,deals_spirit_damage_general,as,1,
suppressor,applies_spirit_damage_easily,as,2,
suppressor,cares_about_firerate,against,3.5,
tankbuster,deals_spirit_damage_burst,as,6.5,
tankbuster,max_hp,against,4,
tesla_bullets,cares_about_firerate,as,2,
tesla_bullets,scales_with_spirit_power,as,1,
torment_pulse,combat_range,against,-1,
torment_pulse,combat_range,as,-2.5,
toxic_bullets,max_hp,against,2,
unstoppable,applies_cc,against,3,
vortex_web,has_utility_item_slots,as,3,
vortex_web,countered_by_slowing_hex,against,6,
weakening_headshot,deals_bullet_damage_general,with,1.5,
weakening_headshot,deals_bullet_damage_general,as,1.5,
