stat,category_id,relation,per_unit,conditional_factor,note
TechResist,deals_spirit_damage_general,against,0.2,0.75,"0.2 per 1% Spirit Resist -- the rate the hand-typed values already used (10% -> 2, 5% -> 1)"
BulletResist,deals_bullet_damage_general,against,0.2,0.75,Mirror of the Spirit Resist rule
StatusResistancePercent,applies_debuffs,against,0.14,0.75,
HealAmpReceivePenaltyPercent,has_healing_sustain,against,0.11,1,
TechPower,scales_with_spirit_power,as,0.06,0.5,
TechPowerPercent,scales_with_spirit_power,as,0.15,0,
SlowResistancePercent,applies_slows,against,0.08,0.5,
BonusFireRate,cares_about_firerate,as,0.08,0.65,
MeleeResistPercent,does_melee_damage,against,0.13,0,
BonusMeleeDamagePercent,does_melee_damage,as,0.14,0.5,
TechRangeMultiplier,scales_with_ability_range,as,0.12,0.5,
BonusAbilityDurationPercent,scales_with_ability_duration,as,0.12,0.5,
BaseAttackDamagePercent,cares_about_weapon_damage,as,0.06,0.5,
BonusBaseHealth,max_hp,as,0.015,0.5,"A % of base health is worth more to a high-HP hero; 1% ~ 15 flat HP at median HP, so 15x the flat rule"
BonusHealth,max_hp,as,-0.0005,0.5,Flat health is a bigger share of a low-HP hero's pool
Barrier,max_hp,as,-0.0005,0.5,"A barrier is temporary flat health, so it leans towards low-HP heroes like Bonus Health does"
TechResist,max_hp,as,0.01,0.75,"Resist scales with the pool it protects, like % base health; spirit is ~2/3 of the roster's damage, so 2/3 of that rule"
BulletResist,max_hp,as,0.005,0.5,"Resist scales with the pool it protects, like % base health; bullets are ~1/3 of the roster's damage, so 1/3 of that rule"
AbilityLifestealPercentHero,deals_spirit_damage_general,as,0.05,0.5,
BulletLifestealPercent,deals_bullet_damage_general,as,0.05,0.5,
ShopWeaponDamage,cares_about_weapon_damage,as,0.03,1,"The weapon shop's investment bonus; half the Weapon Damage rate, so it nudges rather than decides"
ShopSpiritPower,scales_with_spirit_power,as,0.03,1,"The spirit shop's investment bonus; half the Spirit Power rate, so it nudges rather than decides"
ShopBaseHealth,max_hp,as,0.0075,1,"The vitality shop's investment bonus is % base health; half that rule's rate, so it nudges rather than decides"
